Timestamp (ms),X: (m/s^2),Y: (m/s^2),Z: (m/s^2)
13382368,-0,318257,9,655384,0,725051, 
13382378,-0,236898,9,645813,0,799231, 
13382387,-0,270399,9,621883,0,737016, 
13382397,-0,263220,9,641026,0,760945, 
13382406,-0,227326,9,674527,0,799231, 
13382416,-0,282363,9,710421,0,815982, 
13382426,-0,270399,9,710421,0,780088, 
13382435,-0,169896,9,703242,0,729837, 
13382444,-0,196218,9,691278,0,689158, 
13382454,-0,193826,9,605133,0,722658, 
13382463,-0,229719,9,588383,0,758552, 
13382473,-0,294328,9,629062,0,813589, 
13382482,-0,234505,9,660170,0,839911, 
13382492,-0,155539,9,638634,1,064844, 
13382502,-0,122038,9,645813,1,100738, 
13382511,-0,430723,9,724778,0,801624, 
13382519,-0,351757,9,748708,0,380472, 
13382529,-0,050251,9,765458,0,715479, 
13382538,0,004786,9,523774,0,887769, 
13382548,-0,387651,9,456773,0,629335, 
13382557,-0,454653,9,349092,0,916484, 
13382567,-0,404401,9,660170,1,050487, 
13382577,-0,373294,9,696064,0,854268, 
13382586,-0,272792,9,686492,0,815982, 
13382595,-0,291935,9,612311,0,713087, 
13382605,-0,409187,9,636241,0,720265, 
13382614,-0,471403,9,581204,0,830339, 
13382624,-0,385258,9,664956,0,813589, 
13382633,-0,282363,9,703242,0,854268, 
13382643,-0,220148,9,794173,0,765731, 
13382653,-0,215362,9,775029,0,667621, 
13382662,-0,220148,9,825280,0,705908, 
13382671,-0,354150,9,789387,0,622156, 
13382681,-0,392437,9,746315,0,464224, 
13382690,-0,313471,9,734350,0,394830, 
13382700,-0,325435,9,698457,0,492939, 
13382709,-0,366115,9,595561,0,490546, 
13382719,-0,409187,9,547704,0,543190, 
13382729,-0,244077,9,528560,0,564726, 
13382738,-0,160325,9,569240,0,708301, 
13382747,-0,078966,9,574025,0,815982, 
13382757,0,021536,9,643419,0,966735, 
13382766,-0,014357,9,710421,0,847089, 
13382776,-0,095716,9,772636,0,921270, 
13382785,-0,215362,9,839638,0,796838, 
13382795,-0,335007,9,832459,0,782481, 
13382805,-0,409187,9,844424,0,842304, 
13382814,-0,476189,9,772636,0,842304, 
13382823,-0,538404,9,652991,0,894948, 
13382833,-0,531226,9,650599,0,887769, 
13382842,-0,473796,9,614705,0,856661, 
13382852,-0,445081,9,540524,0,902126, 
13382861,-0,402009,9,602740,0,854268, 
13382871,-0,421152,9,657777,0,811196, 
13382881,-0,346972,9,619491,0,780088, 
13382890,-0,303899,9,696064,0,763338, 
13382899,-0,239291,9,679314,0,681979, 
13382909,-0,234505,9,662563,0,689158, 
13382918,-0,236898,9,710421,0,768124, 
13382928,-0,282363,9,686492,0,672407, 
13382937,-0,308685,9,722385,0,713087, 
13382947,-0,256041,9,621883,0,660443, 
13382957,-0,253648,9,631455,0,634121, 
13382966,-0,203397,9,641026,0,605406, 
13382974,-0,201004,9,631455,0,603013, 
13382984,-0,160325,9,595561,0,607799, 
13382993,-0,189040,9,681706,0,610192, 
13383003,-0,117252,9,638634,0,701122, 
13383012,-0,124431,9,743921,1,043308, 
13383022,-0,157932,9,739136,0,875804, 
13383032,-0,244077,9,736743,0,545583, 
13383041,-0,251255,9,808530,0,406794, 
13383050,-0,325435,9,834852,0,722658, 
13383060,-0,122038,9,578811,0,385258, 
13383069,-0,332614,9,703242,0,153146, 
13383079,-0,349365,9,449594,0,313471, 
13383088,-0,478582,9,504631,0,425938, 
13383098,-0,385258,9,540524,0,550369, 
13383108,-0,196218,9,617098,0,739409, 
13383117,-0,148360,9,657777,0,603013, 
13383126,-0,193826,9,626669,0,531226, 
13383136,-0,193826,9,679314,0,660443, 
13383145,-0,203397,9,731957,0,665228, 
13383155,-0,229719,9,770244,0,681979, 
13383164,-0,296721,9,755886,0,653264, 
13383174,-0,313471,9,741529,0,547976, 
13383184,-0,246470,9,748708,0,586262, 
13383193,-0,256041,9,669742,0,626942, 
13383202,-0,174682,9,636241,0,524047, 
13383212,-0,153146,9,614705,0,413973, 
13383221,-0,067001,9,643419,0,471403, 
13383231,-0,198611,9,554882,0,593441, 
13383240,-0,148360,9,617098,0,670014, 
13383250,-0,134003,9,648206,0,607799, 
13383260,-0,100502,9,657777,0,638906, 
13383269,-0,141182,9,703242,0,710694, 
13383278,-0,155539,9,698457,0,789660, 
13383288,-0,138789,9,739136,0,708301, 
13383297,-0,196218,9,753493,0,634121, 
13383307,-0,179468,9,712814,0,624549, 
13383316,-0,129217,9,736743,0,569512, 
13383326,-0,150753,9,782208,0,603013, 
13383336,-0,131610,9,703242,0,598227, 
13383345,-0,177075,9,703242,0,593441, 
13383354,-0,229719,9,700850,0,631728, 
13383364,-0,234505,9,672134,0,650871, 
13383373,-0,198611,9,681706,0,701122, 
13383383,-0,272792,9,729565,0,653264, 
13383392,-0,258434,9,822887,0,748980, 
13383402,-0,313471,9,942533,0,725051, 
13383412,-0,306292,10,023892,0,710694, 
13383421,-0,366115,10,265575,0,607799, 
13383430,-0,399616,10,488116,0,392437, 
13383440,-0,339793,10,574261,0,306292, 
13383449,-0,258434,10,559903,0,294328, 
13383459,-0,184254,10,401972,0,282363, 
13383468,-0,244077,10,248825,0,203397, 
13383478,-0,279970,9,976034,0,155539, 
13383488,-0,284756,9,729565,0,143574, 
13383497,-0,251255,9,511809,0,177075, 
13383506,-0,205790,9,294055,0,165111, 
13383516,-0,191433,9,186374,0,229719, 
13383525,-0,090931,9,066729,0,476189, 
13383535,-0,083752,8,978191,0,768124, 
13383544,-0,208183,8,793938,0,196218, 
13383554,-0,287149,8,762830,0,112467, 
13383564,-0,181861,8,667113,0,344579, 
13383573,-0,301506,8,430215,-0,337400, 
13383582,0,023929,8,415857,-0,016750, 
13383592,-0,282363,8,032992,-0,145967, 
13383601,-0,452260,7,922919,-0,263220, 
13383611,-0,583870,7,973170,-0,335007, 
13383620,-0,500118,7,946848,-0,143574, 
13383630,-0,332614,8,006671,-0,088538, 
13383640,-0,275184,8,193317,-0,397223, 
13383649,-0,279970,8,789151,-0,536011, 
13383658,-0,184254,9,619491,-0,650871, 
13383668,-0,134003,10,507259,-0,847089, 
13383677,-0,124431,11,363920,-0,643692, 
13383687,-0,100502,11,679785,-0,160325, 
13383696,-0,076573,11,703713,0,244077, 
13383706,-0,076573,11,416565,0,526440, 
13383716,-0,098109,10,940375,0,665228, 
13383725,-0,167504,10,476151,0,579084, 
13383734,-0,162718,10,138752,0,136396, 
13383744,-0,256041,9,820495,-0,033501, 
13383753,-0,399616,9,463951,-0,332614, 
13383763,-0,358936,9,291662,-0,461831, 
13383772,-0,289542,9,174410,-0,598227, 
13383782,-0,143574,9,112194,-0,552762, 
13383792,-0,196218,9,109801,-0,490546, 
13383801,-0,236898,9,195946,-0,452260, 
13383809,-0,289542,9,444808,-0,411580, 
13383819,-0,337400,9,542917,-0,256041, 
13383828,-0,418759,9,619491,-0,222540, 
13383838,-0,459438,9,722385,-0,203397, 
13383847,-0,524047,9,777423,-0,169896, 
13383857,-0,545583,9,971248,-0,145967, 
13383867,-0,607799,10,083714,-0,014357, 
13383876,-0,658050,10,189003,0,064609, 
13383885,-0,701122,10,354114,0,124431, 
13383895,-0,691550,10,538367,0,224933, 
13383904,-0,691550,10,574261,0,313471, 
13383914,-0,662836,10,519224,0,373294, 
13383923,-0,622156,10,459401,0,323043, 
13383933,-0,614977,10,361292,0,342186, 
13383943,-0,576691,10,253612,0,461831, 
13383952,-0,605406,10,234468,0,452260, 
13383961,-0,564726,10,236861,0,136396, 
13383971,-0,547976,10,248825,-0,272792, 
13383980,-0,612584,10,191396,-0,717872, 
13383990,-0,646085,9,770244,-0,990664, 
13383999,-0,581477,9,516596,-0,504904, 
13384009,-0,591048,9,686492,-0,392437, 
13384019,-0,583870,9,349092,-1,079202, 
13384028,-0,291935,9,004513,-0,394830, 
13384037,-0,062216,9,322770,0,236898, 
13384047,-0,138789,9,624276,0,031108, 
13384056,-0,318257,9,497452,-0,804017, 
13384066,-0,227326,9,191160,-1,072023, 
13384075,-0,165111,9,545310,0,177075, 
13384085,-0,356543,9,741529,-0,990664, 
13384095,-0,220148,9,581204,-0,313471, 
13384104,-0,378079,9,291662,0,122038, 
13384113,-0,392437,10,165073,0,495332, 
13384123,-0,512082,10,133965,-0,411580, 
13384132,-0,308685,9,571632,-0,562333, 
13384142,-0,162718,9,715207,-0,028715, 
13384151,-0,392437,9,956890,0,050251, 
13384161,-0,299114,9,473523,-0,418759, 
13384171,-0,045465,9,624276,0,265613, 
13384180,-0,153146,9,820495,0,165111, 
13384189,-0,011965,9,554882,-0,277577, 
13384199,-0,177075,10,007142,0,392437, 
13384208,-0,136396,9,734350,-0,189040, 
13384218,-0,253648,9,674527,-0,059823, 
13384227,-0,306292,9,619491,0,028715, 
13384237,-0,277577,9,495059,0,076573, 
13384247,-0,215362,9,576418,0,294328, 
13384256,-0,382865,9,664956,0,356543, 
13384265,-0,366115,9,700850,0,344579, 
13384275,-0,394830,9,856388,0,124431, 
13384284,-0,411580,9,844424,0,114860, 
13384294,-0,387651,9,746315,0,162718, 
13384303,-0,354150,9,641026,0,313471, 
13384313,-0,303899,9,645813,0,406794, 
13384323,-0,301506,9,660170,0,363722, 
13384332,-0,268006,9,686492,0,373294, 
13384341,-0,239291,9,708028,-0,026322, 
13384351,-0,263220,9,459166,-0,057430, 
13384360,-0,402009,10,174645,0,583870, 
13384370,-0,346972,9,641026,-0,035894, 
13384379,-0,433116,10,088501,0,897341, 
13384389,-0,279970,9,559668,-0,002393, 
13384399,-0,351757,9,904246,0,629335, 
13384408,-0,102895,9,284483,0,067001, 
13384416,-0,263220,9,674527,0,622156, 
13384426,-0,112467,9,224661,0,102895, 
13384435,-0,299114,9,743921,0,236898, 
13384445,-0,114860,9,509417,0,394830, 
13384454,-0,246470,9,775029,-0,043072, 
13384464,-0,052644,9,858782,0,545583, 
13384474,-0,126824,9,440022,-0,040679, 
13384483,-0,224933,9,877925,0,653264, 
13384492,0,011965,9,349092,-0,045465, 
13384502,-0,098109,9,820495,-0,038287, 
13384511,0,064609,9,686492,0,459438, 
13384521,-0,064609,9,413700,-0,059823, 
13384530,-0,136396,9,832459,0,246470, 
13384540,0,064609,9,736743,0,842304, 
13384550,0,038287,9,404129,0,258434, 
13384559,-0,222540,9,751101,-0,050251, 
13384568,-0,394830,9,842031,-0,246470, 
13384578,-0,110074,9,708028,-0,002393, 
13384587,-0,083752,9,351485,0,447474, 
13384597,-0,172289,9,207911,0,129217, 
13384606,-0,349365,9,389771,-0,064609, 
13384616,-0,287149,9,672134,0,105288, 
13384626,-0,177075,9,700850,0,105288, 
13384635,-0,131610,9,712814,0,717872, 
13384644,-0,074180,9,755886,0,794446, 
13384654,-0,229719,9,696064,0,406794, 
13384663,-0,299114,9,552489,0,337400, 
13384673,-0,236898,9,621883,0,313471, 
13384682,-0,138789,9,856388,0,198611, 
13384692,-0,095716,9,892282,0,263220, 
13384702,-0,129217,9,889889,0,287149, 
13384711,-0,105288,9,753493,0,294328, 
13384720,-0,050251,9,564454,0,179468, 
13384730,-0,023929,9,490273,0,251255, 
13384739,0,023929,9,425665,0,191433, 
13384749,0,098109,9,495059,0,306292, 
13384758,-0,021536,9,535739,0,471403, 
13384768,-0,102895,9,490273,0,595834, 
13384778,-0,031108,9,708028,0,559941, 
13384787,-0,062216,9,779816,0,581477, 
13384796,-0,064609,9,789387,0,598227, 
13384806,-0,102895,9,782208,0,686765, 
13384815,-0,124431,9,775029,0,516868, 
13384825,-0,143574,9,810924,0,409187, 
13384834,-0,143574,9,734350,0,466617, 
13384844,-0,153146,9,686492,0,406794, 
13384854,-0,174682,9,700850,0,435509, 
13384863,-0,090931,9,696064,0,466617, 
13384872,-0,093323,9,691278,0,440295, 
13384882,-0,138789,9,686492,0,356543, 
13384891,-0,145967,9,698457,0,356543, 
13384901,-0,155539,9,719993,0,320650, 
13384910,-0,184254,9,763065,0,311078, 
13384920,-0,134003,9,715207,0,313471, 
13384930,-0,138789,9,722385,0,270399, 
13384939,-0,145967,9,679314,0,253648, 
13384948,-0,119645,9,648206,0,217755, 
13384958,-0,112467,9,595561,0,236898, 
13384967,-0,074180,9,633848,0,241684, 
13384977,-0,095716,9,657777,0,191433, 
13384986,-0,074180,9,626669,0,193826, 
13384996,-0,129217,9,669742,0,198611, 
13385006,-0,157932,9,674527,0,239291, 
13385015,-0,172289,9,667349,0,260827, 
13385024,-0,203397,9,657777,0,282363, 
13385034,-0,179468,9,650599,0,370901, 
13385043,-0,153146,9,609919,0,425938, 
13385053,-0,090931,9,600348,0,562333, 
13385062,-0,229719,9,588383,0,332614, 
13385072,-0,241684,9,614705,-0,124431, 
13385082,0,047858,9,562060,0,239291, 
13385091,0,023929,9,284483,0,126824, 
13385100,-0,143574,9,236626,0,303899, 
13385110,-0,184254,9,217482,0,521654, 
13385119,-0,088538,9,528560,0,813589, 
13385129,-0,114860,9,846817,0,617370, 
13385138,-0,155539,10,102858,0,497725, 
13385148,-0,256041,10,093287,0,291935, 
13385158,-0,351757,9,983212,0,368508, 
13385167,-0,471403,9,698457,0,442688, 
13385176,-0,387651,9,483095,0,559941, 
13385186,-0,244077,9,341913,0,677193, 
13385195,-0,256041,9,306020,0,624549, 
13385205,-0,251255,9,485488,0,502511, 
13385214,-0,189040,9,590775,0,497725, 
13385224,-0,162718,9,676920,0,425938, 
13385234,-0,083752,9,669742,0,356543, 
13385243,0,078966,9,662563,0,198611, 
13385251,0,186647,9,607526,0,074180, 
13385261,0,057430,9,530953,0,071787, 
13385270,-0,040679,9,418487,0,028715, 
13385280,0,052644,9,248590,0,059823, 
13385289,0,045465,9,083479,0,138789, 
13385299,-0,057430,9,011692,0,023929, 
13385309,-0,100502,9,035621,-0,191433, 
13385318,-0,081359,8,954262,-0,287149, 
13385327,-0,165111,8,784366,-0,224933, 
13385337,-0,227326,8,523539,-0,212969, 
13385346,-0,308685,8,423037,-0,354150, 
13385356,-0,332614,8,583362,-0,559941, 
13385365,-0,488153,8,968619,-0,818375, 
13385375,-0,557548,9,322770,-0,978699, 
13385385,-0,598227,9,569240,-1,083987, 
13385394,-0,631728,9,633848,-1,060058, 
13385403,-0,693943,9,523774,-1,088773, 
13385413,-0,643692,9,473523,-1,150989, 
13385422,-0,698729,9,449594,-1,112702, 
13385432,-0,638906,9,396950,-1,057665, 
13385441,-0,696336,9,530953,-1,103131, 
13385451,-0,631728,9,717600,-1,146203, 
13385461,-0,691550,9,928176,-1,194061, 
13385470,-0,619763,10,047821,-1,296956, 
13385479,-0,569512,10,090894,-1,371136, 
13385489,-0,519261,10,074143,-1,277813, 
13385498,-0,480975,10,026285,-1,241919, 
13385508,-0,435509,10,095679,-1,371136, 
13385517,-0,485760,10,043036,-1,454888, 
13385527,-0,411580,9,868353,-1,478817, 
13385537,-0,428331,9,681706,-1,363958, 
13385546,-0,284756,9,375414,-1,148596, 
13385555,-0,246470,9,203125,-0,954770, 
13385565,-0,425938,8,913583,-1,493175, 
13385574,-0,524047,8,571397,-2,246941, 
13385584,-0,224933,8,525931,-2,086616, 
13385593,-0,224933,7,965991,-2,732701, 
13385603,0,090931,8,147852,-2,452731, 
13385613,-0,337400,7,858310,-2,232583, 
13385622,0,033501,7,312727,-2,400087, 
13385631,-0,114860,6,709714,-2,270870, 
13385641,-0,031108,6,259848,-2,309156, 
13385650,-0,002393,5,872197,-1,986114, 
13385660,0,078966,5,269184,-1,689393, 
13385669,0,095716,4,647027,-1,407030, 
13385679,0,074180,4,335949,-1,275420, 
13385689,-0,016750,3,967442,-1,206026, 
13385698,-0,155539,3,728151,-1,495568, 
13385707,-0,346972,3,476896,-1,842539, 
13385717,-0,576691,3,172996,-2,383337, 
13385726,-0,631728,2,854739,-2,342657, 
13385736,-0,423545,2,991135,-2,299585, 
13385745,-0,258434,2,900205,-2,498196, 
13385755,0,162718,3,122745,-2,617841, 
13385765,0,418759,3,555861,-2,361800, 
13385774,0,425938,4,166053,-2,883454, 
13385783,0,373294,4,505846,-2,962420, 
13385793,0,425938,5,848268,-3,732937, 
13385802,0,478582,6,290956,-3,874118, 
13385812,0,538404,7,480231,-4,134945, 
13385821,0,488153,9,028442,-4,316806, 
13385831,0,272792,10,722621,-4,297663, 
13385841,0,193826,12,026756,-4,477131, 
13385850,0,057430,13,979369,-4,714029, 
13385859,-0,040679,15,372042,-4,448416, 
13385869,-0,363722,16,264597,-4,127767, 
13385878,-0,461831,17,982704,-4,113409, 
13385888,-0,631728,19,128908,-4,122981, 
13385897,-1,237134,19,743885,-4,438845, 
13385907,-1,215597,20,772835,-5,027500, 
13385917,-0,933234,21,629496,-5,640084, 
13385926,-0,593441,22,261225,-6,274205, 
13385935,-0,705908,25,072891,-7,406051, 
13385945,-0,583870,28,343996,-8,566611, 
13385954,0,000000,30,246359,-7,709950, 
13385964,0,354150,33,483963,-8,016242, 
13385973,0,368508,36,056339,-7,774559, 
13385983,0,997843,38,341568,-9,471130, 
13385993,1,938256,39,992672,-9,763065, 
13386002,1,593677,40,097961,-8,743686, 
13386011,0,593441,39,205406,-7,059079, 
13386021,-0,382865,37,417904,-5,163896, 
13386030,-1,265848,35,364788,-3,890869, 
13386040,-1,273027,33,110668,-3,847796, 
13386049,-1,265848,30,205679,-4,142124, 
13386059,-0,748980,25,462934,-3,993764, 
13386069,-0,868626,18,844151,-4,498667, 
13386078,-0,435509,10,277540,-4,474738, 
13386086,-1,136631,2,318728,-2,893026, 
13386096,-1,036129,-4,371843,-3,218461, 
13386105,-0,433116,-8,724543,-1,789895, 
13386115,-0,768124,-10,449830,0,811196, 
13386124,-0,492939,-11,433315,-0,105288, 
13386134,-1,500353,-10,796802,-1,026558, 
13386144,-1,000236,-7,487410,-2,488624, 
13386153,-0,117252,0,330221,-4,288091, 
13386162,-1,749216,4,010514,-5,551547, 
13386172,0,610192,3,438609,-4,563276, 
13386181,0,373294,1,019379,-4,163660, 
13386191,0,760945,-1,684607,-1,792288, 
13386200,1,679821,-3,814296,-0,299114, 
13386210,1,921505,-3,685078,0,320650, 
13386220,1,174918,-2,077044,0,634121, 
13386229,0,660443,0,040679,0,890162, 
13386238,0,291935,1,060058,0,938020, 
13386248,0,086145,1,385494,1,258670, 
13386257,-0,342186,0,636514,1,241919, 
13386267,-0,801624,0,296721,1,373529, 
13386276,-0,500118,0,081359,1,880826, 
13386286,-0,516868,0,662836,0,969128, 
13386296,0,016750,-0,794446,0,507297, 
13386305,-0,047858,-0,241684,0,083752, 
13386314,-0,129217,0,090931,-0,124431, 
13386324,0,131610,1,363958,-0,086145, 
13386333,0,009572,0,222540,0,090931, 
13386343,0,126824,-0,576691,0,102895, 
13386352,0,009572,-1,012200,0,086145, 
13386362,0,047858,-1,273027,0,038287, 
13386372,0,148360,-0,957163,-0,038287, 
13386381,0,098109,-0,691550,-0,081359, 
13386390,0,055037,-0,495332,0,074180, 
13386400,0,028715,-0,045465,-0,028715, 
13386409,0,184254,-0,402009,-0,129217, 
13386419,0,016750,-0,040679,-0,842304, 
13386428,0,277577,0,007179,-1,251491, 
13386438,0,344579,-0,763338,-0,612584, 
13386448,0,423545,-1,105524,-0,524047, 
13386457,0,681979,-0,794446,-0,725051, 
13386466,0,753766,-1,189275,-0,959556, 
13386476,0,614977,0,272792,0,148360, 
13386485,0,524047,-0,576691,0,705908, 
13386495,0,351757,0,038287,0,677193, 
13386504,0,624549,0,016750,0,559941, 
13386514,0,469010,0,370901,0,086145, 
13386524,0,550369,0,313471,0,433116, 
13386533,0,583870,-0,177075,0,382865, 
13386542,0,354150,-0,624549,0,014357, 
13386552,0,239291,-0,957163,-0,067001, 
13386561,0,181861,-1,308921,-0,402009, 
13386571,0,244077,-1,572141,-0,911698, 
13386580,0,236898,-2,112938,-1,619999, 
13386590,0,215362,-2,699200,-2,313942, 
13386600,0,153146,-2,945670,-2,483839, 
13386609,0,227326,-2,940884,-1,923898, 
13386618,-0,141182,-2,708772,-0,949984, 
13386628,-0,167504,-0,392437,0,358936, 
13386637,-0,227326,3,400322,-3,627649, 
13386647,-0,378079,10,131573,-1,584105, 
13386656,-0,746587,22,914488,1,588891, 
13386666,-2,246941,37,669159,3,936334, 
13386676,2,435980,35,812263,7,951633, 
13386685,-4,599169,44,390839,1,404637, 
13386694,1,048094,44,015152,-11,143773, 
13386704,8,013849,56,015587,5,786052, 
13386713,-5,190217,52,648766,-7,982741, 
13386723,-4,857604,69,801132,-16,286133, 
13386732,-0,184254,61,447487,8,858545, 
13386742,-4,039229,62,258682,10,480937, 
13386752,-0,787267,59,131153,6,238311, 
13386761,1,361565,52,086430,-0,603013, 
13386770,0,794446,44,503304,-3,405108, 
13386780,1,124667,40,459290,-5,192611, 
13386789,-0,782481,37,915630,-6,523067, 
13386799,-1,316099,34,926888,-5,537189, 
13386808,-1,304135,28,556965,-3,275891, 
13386818,-1,086380,20,461758,0,741802, 
13386828,-1,019379,14,678099,1,304135, 
13386837,-0,966735,10,150716,-1,270634, 
13386846,0,894948,3,000707,-2,955241, 
13386856,1,507532,-5,721443,-2,577162, 
13386865,0,311078,-12,333048,-2,321121, 
13386875,1,299349,-14,101407,0,440295, 
13386884,1,435745,-9,839638,-5,628120, 
13386894,-1,179704,-4,371843,-8,044957, 
13386904,-4,271341,-2,017221,-10,725014, 
13386913,-1,328064,0,851875,-4,242626, 
13386922,0,882983,0,296721,-5,943984, 
13386932,1,617606,-5,929626,-4,350307, 
13386941,1,282599,-7,116508,0,605406, 
13386951,1,500353,-5,132788,1,024165, 
13386960,1,761180,-1,452495,2,007650, 
13386970,1,160560,0,949984,2,450338, 
13386980,0,698729,1,665464,1,076809, 
13386989,-0,031108,0,531226,1,095952, 
13386998,-1,182097,2,407265,3,230426, 
13387008,-1,720501,1,749216,3,137103, 
13387017,-1,191668,0,174682,2,524518, 
13387027,-0,567119,0,275184,1,103131, 
13387036,-0,557548,-0,119645,0,598227, 
13387046,0,076573,-1,356779,0,033501, 
13387056,0,375687,-1,916719,-0,136396, 
13387065,-0,052644,-0,358936,0,038287, 
13387074,0,131610,2,191904,-0,476189, 
13387084,-0,547976,2,089009,-0,981092, 
13387093,-0,619763,2,175153,-1,021772, 
13387103,-0,571905,1,148596,-0,306292, 
13387112,0,291935,0,416366,-0,289542, 
13387122,0,406794,-0,634121,-0,485760, 
13387132,0,421152,-1,139024,-0,567119, 
13387141,0,579084,-1,060058,-0,660443, 
13387150,0,741802,-0,658050,-0,550369, 
13387160,0,397223,-0,643692,-0,495332, 
13387169,0,330221,-0,291935,-0,413973, 
13387179,-0,076573,0,421152,-1,316099, 
13387188,0,296721,0,069394,-0,478582, 
13387198,0,375687,0,119645,-0,469010, 
13387208,0,734623,-0,241684,-0,100502, 
13387217,0,670014,-0,033501,0,251255, 
13387225,0,904519,-0,112467,-0,014357, 
13387235,0,679586,0,047858,-0,437902, 
13387244,0,169896,-0,586262,-0,385258, 
13387254,-0,076573,0,031108,-0,038287, 
13387263,-0,004786,0,631728,0,011965, 
13387273,0,122038,0,327828,0,256041, 
13387283,0,145967,-0,215362,-0,399616, 
13387292,-0,220148,-1,430959,-0,928448, 
13387301,0,330221,-1,086380,-0,715479, 
13387311,-0,078966,-0,784874,-0,356543, 
13387320,-0,631728,-0,847089,-0,031108, 
13387330,-0,619763,-0,531226,0,078966, 
13387339,-0,387651,-0,885376,-0,055037, 
13387349,-0,435509,-1,325671,-0,287149, 
13387359,-0,339793,-1,756395,-0,387651, 
13387368,-0,201004,-2,397694,-0,270399, 
13387377,-0,136396,-2,878669,0,248862, 
13387387,0,124431,-2,639378,0,028715, 
13387396,0,715479,-2,486232,-0,239291, 
13387406,1,785109,-0,289542,0,478582, 
13387415,2,340264,4,828888,-3,000707, 
13387425,5,403186,15,075321,0,301506, 
13387435,8,609683,36,032410,2,749451, 
13387444,9,083479,51,569561,2,397694, 
13387453,9,270126,42,244400,8,368000, 
13387463,-2,098580,47,807911,2,376158, 
13387472,5,474974,62,641548,-0,799231, 
13387482,3,151460,59,820309,-4,742744, 
13387491,2,096188,64,036613,-11,598426, 
13387501,1,459674,72,330437,-0,540797, 
13387511,-11,682178,68,092590,1,359172, 
13387520,-3,354857,65,333572,6,704928, 
13387529,2,689629,61,067013,7,599876, 
13387539,4,675743,51,885426,4,395772, 
13387548,3,297427,44,103687,0,449867, 
13387558,2,885847,34,611023,-1,935863, 
13387567,3,455359,26,668961,-3,220854, 
13387577,3,426644,17,731449,-3,378786, 
13387587,3,362036,9,533346,-2,902597, 
13387596,0,375687,3,077280,-0,746587, 
13387605,-0,856661,-5,005964,-1,263456, 
13387615,-0,945199,-9,684099,-4,350307, 
13387624,-0,789660,-10,330184,-1,301742, 
13387634,1,990900,-8,442180,-2,203868, 
13387643,1,895183,-3,716186,-3,359643, 
13387653,-0,251255,1,469246,-3,835832, 
13387663,-1,825789,-0,098109,-7,264869, 
13387672,-0,191433,2,031579,-4,816924, 
13387681,-0,136396,-1,550604,-3,646792, 
13387691,-0,514475,-3,077280,-2,773381, 
13387700,-1,124667,-1,196454,-0,102895, 
13387710,-1,555390,-1,430959,-0,047858, 
13387719,-1,631963,-1,574534,1,129453, 
13387729,-1,347207,-1,356779,0,947592, 
13387739,-0,095716,1,048094,0,260827, 
13387748,0,693943,2,249334,0,526440, 
13387757,0,445081,2,199083,1,978935, 
13387767,0,679586,0,792053,2,826025, 
13387776,1,514711,0,236898,2,900205, 
13387786,1,146203,0,057430,2,653735, 
13387795,1,222776,0,057430,1,806646, 
13387805,1,416602,-0,088538,1,064844, 
13387815,1,763573,-0,760945,0,966735, 
13387824,1,684607,-1,174918,1,342421, 
13387833,0,636514,-0,035894,0,626942, 
13387843,0,174682,-1,115095,0,543190, 
13387852,0,306292,0,425938,-0,591048, 
13387862,0,378079,2,797310,-0,674800, 
13387871,-1,617606,2,156010,-0,660443, 
13387881,-1,421387,-0,038287,0,004786, 
13387891,-1,095952,-1,409423,0,062216, 
13387900,-0,540797,-1,742037,0,361329, 
13387909,-0,251255,-1,579319,0,019143, 
13387919,-0,129217,-1,562569,-0,122038, 
13387928,0,124431,-1,591284,-0,681979, 
13387938,-0,028715,-1,150989,0,014357, 
13387947,0,284756,-0,330221,-0,600620, 
13387957,0,112467,-0,232112,-0,413973, 
13387967,0,311078,-0,279970,-0,268006, 
13387976,0,272792,-0,265613,-0,217755, 
13387985,0,160325,-0,844697,-0,102895, 
13387995,0,102895,-0,792053,0,110074, 
13388004,0,076573,-0,751373,0,172289, 
13388014,-0,258434,-0,500118,-0,069394, 
13388023,-0,172289,-0,631728,-1,038522, 
13388033,-0,102895,-0,504904,-0,878197, 
13388043,-0,031108,-0,875804,0,296721, 
13388052,0,002393,-1,007414,0,179468, 
13388061,-0,019143,-1,299349,0,423545, 
13388071,0,165111,-1,514711,-0,251255, 
13388080,0,299114,-1,284992,-0,220148, 
13388090,0,605406,-1,186882,-0,282363, 
13388099,0,435509,-1,517104,-0,093323, 
13388109,0,543190,-1,696572,-0,131610, 
13388119,0,193826,-1,667857,-0,179468, 
13388128,-0,081359,-0,658050,-0,014357, 
13388136,-0,497725,0,775302,0,215362, 
13388146,-0,725051,1,450102,1,165346, 
13388155,-0,009572,6,484781,0,928448, 
13388165,0,035894,15,477329,-6,853289, 
13388174,0,246470,26,197557,-3,402715, 
13388184,-2,254119,34,524879,-7,365371, 
13388194,10,239254,43,220707,16,104271, 
13388203,9,920997,42,617695,-4,032050, 
13388212,-4,642241,56,735851,-9,562060, 
13388222,-0,581477,46,714352,-7,056686, 
13388231,-7,054293,41,196304,-28,456463, 
13388241,-3,677900,54,634876,-2,244548, 
13388250,8,889653,42,579407,4,910247, 
13388260,-6,628356,50,071602,5,381650, 
13388270,-0,916484,44,369301,3,759259, 
13388279,1,363958,39,092941,-0,942806, 
13388288,1,299349,31,026445,-0,023929, 
13388298,1,143810,24,524916,-0,969128, 
13388307,1,213204,18,726898,-1,464460, 
13388317,1,392673,13,969797,-0,239291, 
13388326,2,072258,10,248825,0,469010, 
13388336,1,952613,7,712343,-0,162718, 
13388346,0,059823,4,783423,-0,983485, 
13388355,-0,169896,2,512553,-1,289778, 
13388364,-0,512082,0,593441,-1,165346, 
13388374,-0,014357,-0,270399,-2,854739, 
13388383,0,330221,-1,816217,-1,524282, 
13388393,-0,279970,-1,600855,-1,983721, 
13388402,0,234505,-2,014829,-0,667621, 
13388412,1,009807,-1,014593,-1,732466, 
13388422,0,768124,-0,533619,-1,316099, 
13388431,-0,074180,-1,024165,-1,761180, 
13388440,-0,138789,-2,579555,-0,081359, 
13388450,0,076573,-1,921505,-3,797545, 
13388459,-0,189040,-1,351993,-0,306292, 
13388469,0,090931,-0,495332,-0,330221, 
13388478,-0,277577,-0,725051,-0,964342, 
13388488,0,105288,-0,689158,-1,749216, 
13388498,-0,078966,-0,323043,-0,973914, 
13388507,-0,335007,-0,105288,-1,636749, 
13388516,-0,145967,0,083752,-1,174918, 
13388526,-0,119645,0,236898,-0,966735, 
13388535,0,122038,0,825553,-0,811196, 
13388545,0,045465,1,320885,-0,890162, 
13388554,-0,004786,2,129688,-0,959556, 
13388564,0,105288,3,792759,-1,170132, 
13388574,-0,069394,5,585048,-1,091166, 
13388583,0,157932,7,049507,0,253648, 
13388592,-0,078966,8,037778,0,811196, 
13388602,-0,083752,9,198339,2,000471, 
13388611,0,349365,9,959284,2,124902, 
13388621,1,225169,10,748943,2,060294, 
13388630,1,648714,12,196652,1,497960, 
13388640,0,978699,13,338070,-0,600620, 
13388650,-0,397223,15,063356,-1,598463, 
13388659,-0,648478,17,111687,-0,909305, 
13388667,-0,466617,20,949911,0,083752, 
13388677,-0,650871,24,127693,-0,684372, 
13388686,-0,782481,24,953245,-1,806646, 
13388696,0,145967,24,797707,-0,356543, 
13388705,-0,471403,20,071712,4,737958, 
13388715,-0,102895,14,876710,7,042328, 
13388725,0,758552,13,086814,5,015535, 
13388734,1,213204,13,034170,1,543426, 
13388743,1,167739,10,311041,-0,457045, 
13388753,0,717872,9,396950,-1,902362, 
13388762,0,794446,6,424958,-1,689393, 
13388772,0,871019,5,544368,-1,112702, 
13388781,0,997843,5,187825,0,088538, 
13388791,0,827946,4,737958,0,351757, 
13388801,0,650871,4,749923,-0,114860, 
13388810,0,229719,5,496510,-0,938020, 
13388819,-0,141182,6,585283,-1,428566, 
13388829,-0,181861,7,425194,-1,849718, 
13388838,0,090931,9,145695,-1,296956, 
13388848,0,196218,10,105251,-0,193826, 
13388857,0,196218,10,356506,0,772909, 
13388867,0,160325,10,619726,1,124667, 
13388877,-0,244077,10,842267,0,713087, 
13388886,-0,141182,10,658012,0,605406, 
13388895,-0,047858,10,399578,0,887769, 
13388905,-0,277577,9,820495,0,885376, 
13388914,-0,323043,9,542917,0,547976, 
13388924,-0,368508,9,703242,0,392437, 
13388933,-0,375687,9,712814,0,648478, 
13388943,-0,114860,9,617098,0,643692, 
13388953,0,224933,9,758279,-0,318257, 
13388962,0,059823,9,980820,-0,402009, 
13388971,0,370901,9,715207,-0,016750, 
13388981,0,495332,9,617098,0,605406, 
13388990,0,227326,9,861175,0,665228, 
13389000,0,263220,10,117215,0,837518, 
13389009,0,423545,10,153109,1,155775, 
13389019,0,516868,10,205753,1,131845, 
13389029,0,533619,10,193789,0,933234, 
13389038,0,562333,10,088501,0,875804, 
13389047,0,557548,9,918604,0,942806, 
13389057,0,588655,9,782208,0,880590, 
13389066,0,521654,9,650599,0,827946, 
13389076,0,425938,9,502238,0,536011, 
13389085,0,270399,9,291662,0,423545, 
13389095,0,179468,9,150480,0,406794, 
13389105,0,129217,9,126552,0,574298, 
13389114,0,038287,9,140909,0,729837, 
13389123,-0,002393,9,188767,0,842304, 
13389133,-0,050251,9,286877,0,978699, 
13389142,-0,011965,9,363449,0,997843, 
13389152,0,026322,9,609919,0,815982, 
13389161,-0,026322,9,822887,0,758552, 
13389171,-0,014357,9,973641,0,370901, 
13389181,-0,033501,9,973641,0,650871, 
13389190,-0,021536,9,880318,0,859054, 
13389199,0,162718,9,983212,0,882983, 
13389209,0,165111,10,081322,0,880590, 
13389218,0,112467,9,971248,0,914091, 
13389228,0,062216,9,897068,0,942806, 
13389237,-0,016750,9,806137,1,045701, 
13389247,-0,028715,9,669742,1,064844, 
13389257,0,105288,9,547704,1,127060, 
13389266,0,222540,9,485488,1,033736, 
13389275,0,129217,9,497452,0,921270, 
13389285,-0,155539,9,564454,0,854268, 
13389294,-0,311078,9,734350,0,799231, 
13389304,-0,423545,9,849210,0,696336, 
13389313,-0,385258,9,770244,0,777695, 
13389323,-0,332614,9,478309,0,949984, 
13389333,-0,346972,9,260554,0,995450, 
13389342,-0,301506,9,205518,0,868626, 
13389351,-0,516868,9,124159,0,863840, 
13389361,-0,492939,9,222268,0,902126, 
13389370,-0,466617,9,329948,1,143810, 
13389380,-0,289542,9,483095,1,241919, 
13389389,-0,083752,9,571632,1,246705, 
13389399,0,028715,9,705635,1,225169, 
13389409,-0,071787,9,612311,1,067237, 
13389418,-0,306292,9,676920,0,167504, 
13389427,-0,177075,9,631455,-0,205790, 
13389437,-0,081359,9,382592,0,325435, 
13389446,0,136396,9,198339,0,696336, 
13389456,0,009572,9,521381,0,904519, 
13389465,-0,155539,9,751101,0,526440, 
13389475,-0,193826,9,853995,0,327828, 
13389485,-0,124431,9,904246,0,586262, 
13389494,-0,294328,10,078929,0,557548, 
13389503,-0,452260,10,119608,0,564726, 
13389513,-0,418759,10,165073,0,698729, 
13389522,-0,224933,10,107644,0,796838, 
13389532,-0,155539,10,057393,0,897341, 
13389541,-0,177075,9,818102,0,842304, 
13389551,-0,315864,9,700850,0,863840, 
13389561,-0,241684,9,712814,0,734623, 
13389570,-0,308685,9,566847,0,792053, 
13389579,-0,361329,9,444808,0,607799, 
13389589,-0,335007,9,456773,0,320650, 
13389598,-0,378079,9,454380,0,071787, 
13389608,-0,344579,9,617098,-0,234505, 
13389617,-0,354150,9,782208,-0,287149, 
13389627,-0,430723,9,877925,-0,433116, 
13389637,-0,397223,9,976034,-0,361329, 
13389646,-0,447474,9,574025,0,177075, 
13389655,-0,404401,9,581204,0,215362, 
13389665,-0,349365,9,739136,0,330221, 
13389674,-0,260827,9,751101,0,284756, 
13389684,-0,516868,9,894675,0,009572, 
13389693,-0,586262,9,947319,0,114860, 
13389703,-0,756159,9,782208,0,406794, 
13389713,-1,220383,10,148323,0,435509, 
13389722,-1,572141,10,308648,0,533619, 
13389731,-1,615213,10,344542,0,545583, 
13389741,-1,306528,10,220111,0,918877, 
13389750,-0,844697,9,992785,1,186882, 
13389760,-0,447474,9,566847,1,476424, 
13389769,-0,428331,9,315591,1,488389, 
13389779,-0,504904,9,167231,1,308921, 
13389789,-0,758552,8,980584,1,021772, 
13389798,-0,815982,8,820259,0,837518, 
13389806,-0,873411,8,621648,0,679586, 
13389816,-1,014593,8,557039,0,581477, 
13389825,-0,990664,8,624041,0,500118, 
13389835,-1,000236,9,016478,0,289542, 
13389844,-0,971521,9,255769,0,277577, 
13389854,-0,780088,9,550097,0,272792, 
13389864,-0,574298,9,806137,0,342186, 
13389873,-0,626942,9,999963,0,344579, 
13389882,-0,760945,10,272755,-0,418759, 
13389892,-0,693943,10,610154,-1,119881, 
13389901,-0,354150,10,531189,-0,784874, 
13389911,-0,459438,10,299076,-0,358936, 
13389920,-0,392437,10,184216,0,021536, 
13389930,-0,256041,10,275147,0,203397, 
13389940,-0,406794,10,232075,-0,052644, 
13389949,-0,366115,10,110037,-0,203397, 
13389958,-0,358936,9,873138,-0,241684, 
13389968,-0,504904,9,719993,-0,076573, 
13389977,-0,626942,9,540524,0,160325, 
13389987,-0,643692,9,487881,0,433116, 
13389996,-0,655657,9,463951,0,454653, 
13390006,-0,770516,9,542917,0,356543, 
13390016,-0,789660,9,557275,0,318257, 
13390025,-0,827946,9,562060,0,212969, 
13390034,-0,832732,9,585990,0,205790, 
13390044,-0,885376,9,629062,0,265613, 
13390053,-0,748980,9,593168,0,332614, 
13390063,-0,801624,9,614705,0,433116, 
13390072,-0,710694,9,681706,0,440295, 
13390082,-0,533619,9,763065,0,212969, 
13390092,-0,555155,9,794173,0,272792, 
13390101,-0,483367,9,722385,0,181861, 
13390110,-0,397223,9,686492,0,282363, 
13390120,-0,342186,9,607526,0,397223, 
13390129,-0,325435,9,576418,0,452260, 
13390139,-0,299114,9,605133,0,418759, 
13390148,-0,272792,9,664956,0,543190, 
13390158,-0,272792,9,655384,0,579084, 
13390168,-0,217755,9,715207,0,641299, 
13390177,-0,232112,9,808530,0,540797, 
13390186,-0,241684,9,822887,0,662836, 
13390196,-0,296721,9,842031,0,662836, 
13390205,-0,332614,9,820495,0,681979, 
13390215,-0,318257,9,724778,0,626942, 
13390224,-0,421152,9,686492,0,504904, 
13390234,-0,397223,9,602740,0,382865, 
13390244,-0,483367,9,597955,0,272792, 
13390253,-0,528833,9,526167,0,313471, 
13390262,-0,471403,9,507024,0,246470, 
13390272,-0,466617,9,562060,0,203397, 
13390281,-0,464224,9,676920,0,179468, 
13390291,-0,361329,9,712814,0,064609, 
13390300,-0,390044,9,755886,0,134003, 
13390310,-0,311078,9,758279,0,320650, 
13390320,-0,251255,9,734350,0,634121, 
13390329,-0,129217,9,832459,1,038522, 
13390338,-0,153146,9,865960,1,509925, 
13390348,-0,227326,9,992785,1,107916, 
13390357,-0,201004,10,160288,0,052644, 
13390367,-0,378079,10,205753,-0,430723, 
13390376,-0,217755,9,820495,0,244077, 
13390386,0,086145,9,571632,-0,177075, 
13390396,-0,016750,9,430450,0,356543, 
13390405,-0,224933,9,495059,0,306292, 
13390414,-0,232112,9,686492,0,619763, 
13390424,-0,160325,9,767851,0,626942, 
13390433,-0,181861,9,882710,0,287149, 
13390443,-0,186647,9,873138,0,045465, 
13390452,-0,083752,9,818102,0,320650, 
13390462,0,045465,9,652991,0,315864, 
13390472,0,098109,9,571632,0,356543, 
13390481,0,105288,9,540524,0,346972, 
13390490,0,004786,9,550097,0,148360, 
13390500,0,064609,9,514202,0,124431, 
13390509,0,000000,9,418487,0,232112, 
13390519,0,102895,9,382592,0,315864, 
13390528,0,059823,9,401736,0,134003, 
13390538,-0,038287,9,454380,-0,052644, 
13390548,0,000000,9,495059,0,114860, 
13390557,0,009572,9,463951,0,318257, 
13390566,0,160325,9,504631,0,509689, 
13390576,0,186647,9,660170,0,696336, 
13390585,0,160325,9,741529,0,930841, 
13390595,0,095716,9,698457,1,086380, 
13390604,0,086145,9,698457,1,052880, 
13390614,0,074180,9,736743,1,021772, 
13390624,-0,045465,9,810924,0,681979, 
13390633,-0,045465,9,837245,0,332614, 
13390642,-0,138789,9,806137,0,016750, 
13390652,-0,093323,9,619491,-0,210576, 
13390661,-0,100502,9,466345,-0,208183, 
13390671,-0,138789,9,444808,-0,229719, 
13390680,-0,155539,9,392164,-0,244077, 
13390690,-0,167504,9,437630,-0,258434, 
13390700,-0,162718,9,483095,-0,351757, 
13390709,-0,198611,9,602740,-0,277577, 
13390717,-0,203397,9,590775,-0,172289, 
13390727,-0,167504,9,667349,-0,138789, 
13390736,-0,169896,9,684099,0,033501, 
13390746,-0,095716,9,727171,0,014357, 
13390755,-0,114860,9,748708,0,078966, 
13390765,-0,124431,9,753493,0,160325, 
13390775,-0,131610,9,722385,0,268006, 
13390784,-0,174682,9,708028,0,413973, 
13390793,-0,059823,9,669742,0,763338, 
13390803,0,045465,9,672134,1,103131, 
13390812,-0,105288,9,722385,0,646085, 
13390822,-0,236898,9,772636,0,344579, 
13390831,-0,095716,9,882710,-0,552762, 
13390841,-0,169896,9,715207,0,337400, 
13390851,0,157932,9,291662,0,114860, 
13390860,-0,122038,9,466345,0,351757, 
13390869,-0,258434,9,688885,0,366115, 
13390879,-0,308685,9,636241,0,366115, 
13390888,-0,167504,9,643419,0,804017, 
13390898,-0,110074,9,710421,0,847089, 
13390907,-0,217755,9,808530,0,416366, 
13390917,-0,145967,9,734350,0,234505, 
13390927,-0,007179,9,607526,0,440295, 
13390936,0,045465,9,547704,0,839911, 
